Idx,Subcommunity species,Fitness,Shannon diversity sim,End abundance
0,"1319,1320,1321",1268036548.7179828,0.9543374632055441,"330217496.3447468,740175732.2242109,197643320.14902505"
1,"1319,1320,1323",1563993461.4606433,0.9869984305812718,"202193511.32479408,721577918.0099374,640222032.1259117"
2,"1319,1320,1324",1266285970.9764824,0.9670367904798898,"192112990.59985813,713499985.3158221,360672995.0608021"
3,"1319,1320,1325",1482359172.1231158,0.9703091421885085,"170545791.81429788,661890704.6121826,649922675.6966352"
4,"1319,1320,1327",1531192491.5644808,0.9963705000390402,"210817864.8134931,614393525.337391,705981101.4135966"
5,"1319,1320,1329",1293284460.7816677,0.6806605217348095,"278751251.3835991,962158226.3648727,52374983.03319587"
6,"1319,1320,1330",1259331708.936465,0.6435966082219207,"335860419.07700485,907617829.6526716,15853460.206788598"
7,"1319,1320,1331",1275109522.9993863,0.9291470537257877,"145099189.5316925,397580738.5983108,732429594.8693831"
8,"1319,1320,1334",1466518790.676066,1.0180729152349133,"309624445.5352322,770208755.0440058,386685590.0968281"
9,"1319,1320,1337",1293409420.2955866,0.7323906085477369,"265090239.73631352,944157871.8966709,84161308.66260222"
10,"1319,1320,1338",1451897406.3141828,0.914299903941234,"257896242.36474824,915704687.9045337,278296476.0449008"
11,"1319,1320,1336",1286539693.8329659,0.6426060160672311,"266142943.86419675,979731513.337105,40665236.63166398"
12,"1319,1320,1538",978823921.2243845,0.9660924975103199,"110268671.80671738,454867122.76740956,413688126.6502575"
13,"1319,1321,1323",1592875016.295918,0.934363131622421,"405202919.1310572,230901716.13608557,956770381.0287753"
14,"1319,1321,1324",1160180410.687232,1.0607920193705977,"411253872.7002407,249196580.4082069,499729957.5787846"
15,"1319,1321,1325",1474956321.5517764,0.9119647748414097,"317337051.8079222,229957443.7242835,927661826.0195708"
16,"1319,1321,1327",1531296930.6467898,0.9710004973647274,"432535794.97636205,238912687.05020875,859848448.620219"
17,"1319,1321,1329",1063103772.3443799,0.7836396181367278,"702886724.5169959,306091903.20805967,54125144.61932436"
18,"1319,1321,1330",1043869079.6227394,0.6615427108834153,"742122860.7692934,285637726.9787173,16108491.874728719"
19,"1319,1321,1331",1230764427.2643008,0.8267606817541089,"234644919.1409483,147635175.33767107,848484332.7856814"
20,"1319,1321,1334",1399318896.6202326,1.0432103350548325,"623123190.0820765,264921310.14196452,511274396.39619154"
21,"1319,1321,1337",1090463742.6401665,0.9394668194739859,"639792160.8369192,302960414.6605101,147711167.1427372"
22,"1319,1321,1338",1306246113.0214567,1.0193497734450263,"686694872.4428648,287432703.99385583,332118536.584736"
23,"1319,1321,1336",1051792456.4918208,0.7953599288613983,"677524962.265643,321711785.1288051,52555709.09737278"
24,"1319,1321,1538",870216692.1832563,0.9634054907821337,"172660792.92162582,186324903.89347714,511230995.36815333"
25,"1319,1323,1324",1175670288.6342552,1.0835501245630623,"343575782.34266174,489790060.16845506,342304446.1231384"
26,"1319,1323,1325",1324967412.1183915,1.0613835993979581,"312358434.0324005,408043641.81311786,604565336.2728733"
27,"1319,1323,1327",1521115180.005556,1.0593138202251065,"356052913.5699656,464847616.1113234,700214650.3242671"
28,"1319,1323,1329",1434649568.3668454,0.8704901538249202,"426240345.5911597,884361906.070894,124047316.70479184"
29,"1319,1323,1330",1367740603.1927423,0.6940466000006046,"435628175.395834,912941789.0714581,19170638.725450296"
30,"1319,1323,1331",1216589147.4309647,0.9071937037198272,"183585642.01432276,264368793.67599383,768634711.7406482"
31,"1319,1323,1334",1618762941.659179,1.0614400640345867,"391966771.9631565,744344749.9221569,482451419.77386546"
32,"1319,1323,1337",1432074372.8095825,0.9063031855298979,"393255692.91556424,872967502.741227,165851177.15279126"
33,"1319,1323,1338",1433369907.3585687,0.9073092372059761,"446980021.29994696,841831322.8473299,144558563.2112918"
34,"1319,1323,1336",1377449335.0942335,0.7602090620666644,"429504662.29836243,899112595.1844912,48832077.611379944"
35,"1319,1323,1538",888393721.1153994,1.0124196226775752,"156768697.19826448,277205880.8511485,454419143.0659864"
36,"1319,1324,1325",1097446152.9443996,1.045235620202313,"311345791.9571746,251253961.03147405,534846399.9557509"
37,"1319,1324,1327",1282265602.8868258,1.0394740887000302,"328402252.2377406,312556869.92259145,641306480.7264938"
38,"1319,1324,1329",1021511954.8929605,0.9765928220968974,"405127559.4879205,490848351.42625695,125536043.9787831"
39,"1319,1324,1330",931607282.6332809,0.7753906734720755,"412112784.0032066,500091787.51060414,19402711.11947015"
40,"1319,1324,1331",1101147446.178697,0.8128863412133498,"185837014.7864721,142173760.49044043,773136670.9017847"
41,"1319,1324,1334",1317820812.98575,1.0895267584693777,"390576420.41493994,403407202.7917859,523837189.7790241"
42,"1319,1324,1337",1020184164.6735582,1.0196186295282808,"376644114.4222464,476603838.79020363,166936211.46110824"
43,"1319,1324,1338",1066766704.9436072,1.0410652272241931,"418469656.0020466,453715390.13296705,194581658.8085936"
44,"1319,1324,1336",944389454.1584293,0.8556814847906764,"406686739.253714,489336423.33673245,48366291.56798274"
45,"1319,1324,1538",823422151.0332146,1.0054516826929727,"136471444.15551314,265161061.99109408,421789644.8866073"
46,"1319,1325,1327",1444397380.681123,1.059556353980218,"299043670.07437664,564142096.3545055,581211614.2522409"
47,"1319,1325,1329",1289383740.0891478,0.8639542720693026,"336322143.3812243,826143939.6304407,126917657.07748304"
48,"1319,1325,1330",1191478956.1364365,0.6740757697524971,"337799114.4799336,834240878.7313827,19438962.92512009"
49,"1319,1325,1331",1184372627.8546486,0.9135943251210982,"173518473.1404322,271963008.3952807,738891146.3189355"
50,"1319,1325,1334",1522632150.7332237,1.0545287277084945,"345011584.1510304,710659063.7630776,466961502.8191156"
51,"1319,1325,1337",1280022797.1614623,0.9091322759152061,"324897292.34800994,790754844.6137704,164370660.1996821"
52,"1319,1325,1338",1300844287.3352475,0.9235208449433683,"366892326.6464658,774076032.7107577,159875927.97802413"
53,"1319,1325,1336",1201751462.1682699,0.7567989115897369,"347350013.0447973,805669326.88082,48732122.24265258"
54,"1319,1325,1538",969672371.8435519,0.9991699574237782,"134162908.64241122,422139234.72090197,413370228.48023874"
55,"1319,1327,1329",1492386802.8335571,0.8462644653949825,"418708461.18137157,953072478.7556078,120605862.89657794"
56,"1319,1327,1330",1454681321.316706,0.6657360629309412,"410069264.9018036,1023495821.2030921,21116235.2118104"
57,"1319,1327,1331",1239751584.9958422,0.9354299458618791,"172643852.7634655,329154754.030098,737952978.2022787"
58,"1319,1327,1334",1575587484.4609048,1.0044853648331833,"391396639.7121912,855527414.5335351,328663430.2151785"
59,"1319,1327,1337",1473480366.0461628,0.8481771662410968,"413799571.430569,939393132.2395501,120287662.37604374"
60,"1319,1327,1338",1473365739.3054793,0.8498425965840803,"457846225.14268374,909848548.9907275,105670965.17206793"
61,"1319,1327,1336",1452620375.744821,0.7434813639742115,"456588671.4199825,953505164.0830063,42526540.24183237"
62,"1319,1327,1538",1029663773.1031971,1.0114769712714016,"154647878.9802102,454051114.53280145,420964779.59018534"
63,"1319,1329,1330",929222069.1163987,0.5669439387609138,"743068176.1949111,167132277.69565427,19021615.225833323"
64,"1319,1329,1331",1154979828.8338466,0.6799697590184901,"205537930.04603058,67889367.78219222,881552531.0056237"
65,"1319,1329,1334",1427409273.7512715,0.8979609092649605,"589787090.8748014,103875613.5756804,733746569.3007897"
66,"1319,1329,1337",952235875.7891235,0.873115140635744,"627000001.1536078,133024815.18056765,192211059.4549481"
67,"1319,1329,1338",1197299110.6842592,0.9707933041861565,"665503061.2218807,179327063.68498406,352468985.7773944"
68,"1319,1329,1336",884835059.18425,0.667831065076429,"684209949.301717,146205812.20443636,54419297.6780966"
69,"1319,1329,1538",759789082.3160864,0.8847524553962072,"168499801.3915221,100916336.22116023,490372944.70340407"
70,"1319,1330,1331",1132232970.3641784,0.5824317685816975,"231080346.8674535,17552747.51786499,883599875.9788599"
71,"1319,1330,1334",1392125009.9747944,0.7540378545475045,"663286843.5745428,18523310.744574796,710314855.6556767"
72,"1319,1330,1337",919284038.985301,0.6842516586896695,"646158298.6318543,19297063.785971906,253828676.56747484"
73,"1319,1330,1338",1027757609.8637667,0.7175264930636864,"677312780.6673594,20451437.36552835,329993391.8308789"
74,"1319,1330,1336",765226364.9838841,0.3681240672538264,"692822912.893499,19430991.150658783,52972460.93972632"
75,"1319,1330,1538",713455496.911082,0.6867445813527318,"185071978.4899601,18915316.144603208,509468202.27651864"
76,"1319,1331,1334",1246015699.0823972,0.907316773058284,"233144906.32800043,792981595.9849682,219889196.76942855"
77,"1319,1331,1337",1156159743.6010742,0.6898322572511298,"198864149.84996766,880729624.1158314,76565969.63527524"
78,"1319,1331,1338",1145404986.7614062,0.6878416459644776,"208980436.59513646,868470218.3570741,67954331.80919555"
79,"1319,1331,1336",1126204149.4101107,0.6149194030163355,"201793158.79148751,884955715.5360423,39455275.082580715"
80,"1319,1331,1538",957531270.9398729,0.9355008190605472,"110281029.49473147,542000427.0666602,305249814.37848127"
81,"1319,1334,1337",1401039342.2379742,0.917738919338498,"596881083.625407,689137411.9678962,115020846.64467102"
82,"1319,1334,1338",1435564251.4324918,1.0176389016498761,"598019143.8748823,614001929.2737899,223543178.2838198"
83,"1319,1334,1336",1392300819.0831084,0.8290228648782343,"590866651.6433924,744601528.32193,56832639.11778596"
84,"1319,1334,1538",853953301.3907048,0.9728203755661684,"163678801.78720722,197766827.48290637,492507672.12059116"
85,"1319,1337,1338",1148882870.3169005,1.0151645173596984,"601231007.5966913,226008078.89210492,321643783.8281042"
86,"1319,1337,1336",881834964.941527,0.7695008516993455,"614830877.9719878,210478598.60899448,56525488.36054471"
87,"1319,1337,1538",751649065.3155305,0.8946353992454732,"160841721.5442637,108808990.4691186,481998353.3021482"
88,"1319,1338,1336",1031063204.1396995,0.8205449110867085,"646352467.4691426,325669402.9037116,59041333.766845234"
89,"1319,1338,1538",709439869.9157485,0.7506517500371305,"177010397.0684529,36860807.71314066,495568665.1341549"
90,"1319,1336,1538",703970654.8403616,0.7310590039787122,"173556187.80670592,32221631.487898033,498192835.5457577"
91,"1320,1321,1323",1656638840.3064165,0.9340188415158479,"638354448.4520496,160099599.29608807,858184792.5582787"
92,"1320,1321,1324",1261430094.0147538,0.9817492953551232,"643054435.1280923,170656811.43475845,447718847.45190316"
93,"1320,1321,1325",1527103230.0319304,0.9304645847553804,"529829727.8051773,157546829.61465237,839726672.6121008"
94,"1320,1321,1327",1587312038.6510668,0.9520309648367336,"670525261.4891661,163669127.5777013,753117649.5841994"
95,"1320,1321,1329",1328306672.6624305,0.5803754424267474,"1073190405.8598939,208631094.18168384,46485172.620852664"
96,"1320,1321,1330",1309860629.351692,0.5076109024568127,"1079192629.7245,215759360.95385718,14908638.67333478"
97,"1320,1321,1331",1293515840.2546835,0.8771515319603878,"381178276.64615476,117473721.05898191,794863842.549547"
98,"1320,1321,1334",1531559518.2442913,0.9489299917144034,"871418967.9776143,201771402.14328834,458369148.12338877"
99,"1320,1321,1337",1317560596.2682276,0.7186714071416653,"993476115.7629873,207229691.4051474,116854789.10009298"
100,"1320,1321,1338",1519017919.2952228,0.862154479164149,"1006958068.1892188,192169254.639473,319890596.466531"
101,"1320,1321,1336",1312165111.6074414,0.6054858791467372,"1042679773.0839881,220185180.98308843,49300157.54036488"
102,"1320,1321,1538",946704784.1368296,0.9930618622731049,"328183806.02951324,138685993.848347,479834984.2589693"
103,"1320,1323,1324",1408484416.7251883,1.0148056176305098,"738863621.5414639,390755554.0421518,278865241.1415725"
104,"1320,1323,1325",1545305668.4836159,1.0475326157654514,"702667051.1484462,309398744.855434,533239872.4797357"
105,"1320,1323,1327",1605495965.489365,1.0866416858592773,"644111991.8324742,442294699.1324707,519089274.52442026"
106,"1320,1323,1329",1610716348.6271298,0.8106962539038292,"843145697.170737,715215010.9933584,52355640.463034354"
107,"1320,1323,1330",1594383000.89399,0.7416293079437891,"810962138.5741724,767564300.141948,15856562.17786971"
108,"1320,1323,1331",1340615046.5890782,1.0279046237665175,"422203245.93113345,255321117.93111458,663090682.7268301"
109,"1320,1323,1334",1691386233.233195,1.0515843882345857,"696291064.6617507,664265242.9793032,330829925.59214115"
110,"1320,1323,1337",1598068988.7957792,0.8659517084062527,"819337148.9883993,689772243.706082,88959596.10129796"
111,"1320,1323,1338",1612545716.8570657,0.8829621752470147,"880010851.00919,620805448.419161,111729417.42871466"
112,"1320,1323,1336",1595324999.0607023,0.7878400509676852,"869035135.4398679,685364092.5400156,40925771.0808189"
113,"1320,1323,1538",1077135395.6753635,1.0462671393320906,"469661386.8639742,206219030.58526543,401254978.226124"
114,"1320,1324,1325",1388753023.960358,0.9914699355292556,"705122957.4696975,201435518.36847854,482194548.12218195"
115,"1320,1324,1327",1380905974.004151,1.0549531358198263,"609616571.4560463,287007454.3544386,484281948.19366616"
116,"1320,1324,1329",1275514354.1979256,0.7778303828766049,"820642519.593782,403106328.52199554,51765506.08214802"
117,"1320,1324,1330",1235021357.6293638,0.710232086222443,"787652633.3330084,431493622.44120914,15875101.855146162"
118,"1320,1324,1331",1233357220.3598285,0.9397692885053754,"430646411.1218371,133478791.08980256,669232018.1481887"
119,"1320,1324,1334",1412101924.6384168,1.0496490819055213,"684903555.1661372,364945291.44007325,362253078.0322064"
120,"1320,1324,1337",1274878098.030738,0.8346606581591292,"801452542.588828,388260435.5636184,85165119.87829193"
121,"1320,1324,1338",1346234837.0130453,0.907407211279181,"826472236.5879499,356221190.7882602,163541409.63683504"
122,"1320,1324,1336",1272147938.6368282,0.7465414098078125,"841123571.9095523,390121678.1699382,40902688.557337545"
123,"1320,1324,1538",1019344962.2226868,1.0657864941756356,"419291233.86524236,223063914.69948742,376989813.657957"
124,"1320,1325,1327",1532167232.463275,1.0914814264773665,"562127569.6249176,543653595.1161333,426386067.722224"
125,"1320,1325,1329",1507631242.9568355,0.8189837785179961,"725746822.641411,730041303.30563,51843117.00979458"
126,"1320,1325,1330",1480498086.5746253,0.7430002830769936,"685964719.2667824,778669299.2335019,15864068.07434098"
127,"1320,1325,1331",1312288217.347413,1.0392102937629784,"412391014.0342876,266673972.15988392,633223231.1532416"
128,"1320,1325,1334",1601032558.4453123,1.0491578226818548,"622445265.228198,670039787.8157002,308547505.40141416"
129,"1320,1325,1337",1500924099.5786183,0.8631257201208563,"719508669.7390649,702188226.9590796,79227202.88047384"
130,"1320,1325,1338",1532063182.6478598,0.9156665584616193,"749775824.1487113,658735766.4842805,123551592.01486808"
131,"1320,1325,1336",1498336721.502957,0.7974987919489551,"751187583.9283699,707025736.2155823,40123401.359004945"
132,"1320,1325,1538",1150940708.3077254,1.0967310150656222,"417127749.6213211,368072202.0698342,365740756.61657035"
133,"1320,1327,1329",1570643211.279345,0.8139368259988276,"751769366.9315373,767802936.6148356,51070907.73297221"
134,"1320,1327,1330",1552320390.653184,0.7402341155236902,"704127282.4312594,832088671.2263992,16104436.995525243"
135,"1320,1327,1331",1325685376.5482452,1.0340993380055952,"381553104.3194465,281476363.64453197,662655908.5842667"
136,"1320,1327,1334",1653690587.905151,1.0248765933636657,"640186180.1905775,739912668.345512,273591739.3690615"
137,"1320,1327,1337",1560561688.1924736,0.8714656932437642,"724896938.9621674,747225637.3444021,88439111.88590407"
138,"1320,1327,1338",1583496404.6711924,0.9088602477716541,"773171713.7455653,689072554.3293005,121252136.59632668"
139,"1320,1327,1336",1558550552.7482715,0.7874796511096658,"778282414.7191803,743895561.6658305,36372576.36326082"
140,"1320,1327,1538",1107237238.321622,1.0952571720271451,"391996695.82717514,326807328.5659915,388433213.9284551"
141,"1320,1329,1330",1327679991.026271,0.2556234117316388,"1248564997.0409973,63320600.332346715,15794393.65292714"
142,"1320,1329,1331",1279251978.873489,0.7839543721465234,"450668883.3419937,44297008.030570455,784286087.5009248"
143,"1320,1329,1334",1546866817.6943717,0.7743135555113546,"976524384.6805604,54382346.35206504,515960086.66174626"
144,"1320,1329,1337",1338665442.2343311,0.4448307012594941,"1177607005.343954,55081841.345004,105976595.54537286"
145,"1320,1329,1338",1501178879.836769,0.6514583003162404,"1146617258.329277,57609557.98227012,296952063.5252218"
146,"1320,1329,1336",1335840968.2990983,0.3128567097584564,"1237854728.7359424,52704003.812535085,45282235.75062073"
147,"1320,1329,1538",955396034.3510939,0.8589115451559096,"462412070.69755375,48662919.00175807,444321044.65178204"
148,"1320,1330,1331",1240296564.5232615,0.6902067318404503,"398727560.1802892,15477821.029811762,826091183.3131607"
149,"1320,1330,1334",1534568854.6414685,0.7062377239261451,"963322291.5069368,15371323.443642845,555875239.6908889"
150,"1320,1330,1337",1312760521.2810998,0.3864008024215031,"1167189504.5106232,15766134.70041837,129804882.07005818"
151,"1320,1330,1338",1479771544.1696663,0.5636774571918559,"1161271826.5969424,15994581.955158569,302505135.6175653"
152,"1320,1330,1336",1313225598.274952,0.22701445604786982,"1247225879.493007,15891368.491022991,50108350.29092195"
153,"1320,1330,1538",908963378.6578237,0.7689853896506086,"431127541.8786387,16017497.222332397,461818339.5568526"
154,"1320,1331,1334",1361244104.1353135,0.9858118616014758,"454176162.7937224,709680403.8456857,197387537.49590528"
155,"1320,1331,1337",1285059657.5936546,0.8294708489097953,"447705749.21690774,769639529.8206041,67714378.55614287"
156,"1320,1331,1338",1300880033.0155253,0.8542618425420754,"474388900.3832298,748700625.0390173,77790507.5932782"
157,"1320,1331,1336",1271990332.9213417,0.7776691333891432,"458786322.2774701,773856127.6087877,39347883.035083994"
158,"1320,1331,1538",1078833251.6569967,1.0769123066495108,"311583525.53667694,467486614.6750138,299763111.44530594"
159,"1320,1334,1337",1522567187.317861,0.8304156750673879,"958351444.5790722,466148319.6641885,98067423.0746002"
160,"1320,1334,1338",1595692469.2794628,0.9363904964418643,"949977667.769986,420898915.5112623,224815885.99821445"
161,"1320,1334,1336",1527244070.9428422,0.7745594018211103,"968042583.0860221,504212383.5714736,54989104.28534662"
162,"1320,1334,1538",1004897023.1357169,1.0015692325038803,"417728019.50358343,141537179.71040753,445631823.92172605"
163,"1320,1337,1338",1482667948.0459714,0.7211901195746928,"1099179472.3640978,101619816.9833111,281868658.6985623"
164,"1320,1337,1336",1325866345.8460906,0.4266999988412822,"1174130715.9695168,104457182.64472377,47278447.23185001"
165,"1320,1337,1538",965764294.499809,0.8857004281361742,"472505605.23201287,61831636.599187404,431427052.6686087"
166,"1320,1338,1336",1484484690.6763642,0.6204300341888466,"1153712229.819868,284674588.2361114,46097872.62038473"
167,"1320,1338,1538",976654424.7799122,0.8257253784476939,"508478139.5109428,37372926.330334425,430803358.93863505"
168,"1320,1336,1538",961784672.5467014,0.7897590018460132,"502341310.30763394,23885458.21743064,435557904.0216368"
169,"1321,1323,1324",1377613451.556078,1.0048345596130568,"244818110.46449208,725871039.6012888,406924301.49029714"
170,"1321,1323,1325",1567466656.0674837,0.9840799635694004,"235505852.27437878,495779370.68602926,836181433.1070757"
171,"1321,1323,1327",1672293738.9925027,0.9998373350292515,"240360925.99873978,796010012.9198831,635922800.0738798"
172,"1321,1323,1329",1688841552.4558868,0.5580264149659926,"250017988.53337896,1383567659.9366462,55255903.98586173"
173,"1321,1323,1330",1661168220.1345658,0.46658030527967,"239115056.44448888,1405410522.0542035,16642641.635873426"
174,"1321,1323,1331",1321278476.3623202,0.9232248181417335,"149387554.22089976,402056222.9814774,769834699.1599431"
175,"1321,1323,1334",1782316624.4749954,0.9031825225523675,"233028599.59623402,1115572854.770266,433715170.1084953"
176,"1321,1323,1337",1675958298.12212,0.743612970617413,"246520043.50380236,1246743448.7840385,182694805.83427894"
177,"1321,1323,1338",1700845887.4765105,0.6574563499666403,"272270462.8480502,1325519279.1711264,103056145.45733401"
178,"1321,1323,1336",1675234210.0195987,0.578720600705477,"270636639.0671501,1350678664.2053514,53918906.747097336"
179,"1321,1323,1538",1017792835.3184571,1.0293722127455407,"193146957.2812596,325433015.1434036,499212862.8937939"
180,"1321,1324,1325",1340853351.4575129,0.9346976372350411,"240679285.52233875,278325908.3984794,821848157.5366948"
181,"1321,1324,1327",1309351786.892157,1.0303790304997662,"241716939.85161728,438324125.728818,629310721.3117218"
182,"1321,1324,1329",1064035342.3864579,0.7521153400711829,"265669183.15309814,742554146.8717833,55812012.36157654"
183,"1321,1324,1330",1026270223.2240454,0.633169897329815,"249520068.33781374,760069644.795359,16680510.090872651"
184,"1321,1324,1331",1153397131.4691482,0.8284793223624978,"158639154.91175884,195999984.6102758,798757991.9471134"
185,"1321,1324,1334",1328050046.007977,1.0447800887742074,"248984894.36877185,565826875.273251,513238276.36595416"
186,"1321,1324,1337",1110143380.3712273,0.9556931659207824,"262561350.52261433,655430984.808752,192151045.039861"
187,"1321,1324,1338",1149680041.8817573,0.9447594224512917,"282683292.32023644,685437835.617768,181558913.9437527"
188,"1321,1324,1336",1064637569.5739596,0.7734016881690163,"286905690.14248633,721062795.8363055,56669083.59516779"
189,"1321,1324,1538",928061254.6348023,1.0305416809139163,"186423736.76772457,278582869.4988878,463054648.36819"
190,"1321,1325,1327",1537572766.2520816,0.9635389820060334,"213515152.31149492,852766583.5647154,471291030.3758713"
191,"1321,1325,1329",1495995499.3012419,0.580827343923247,"234636130.51980412,1208616123.113832,52743245.66760586"
192,"1321,1325,1330",1465998859.976505,0.48301236127282227,"220283951.20523307,1229214755.1738248,16500153.59744708"
193,"1321,1325,1331",1277007460.5396748,0.9370294046839567,"148994186.04555342,405204231.1570097,722809043.3371115"
194,"1321,1325,1334",1613082875.046066,0.8966607152189408,"221543656.96474615,1026325557.03978,365213661.04153985"
195,"1321,1325,1337",1501947920.105315,0.7263054566503006,"236623877.52309066,1126994787.6886983,138329254.89352608"
196,"1321,1325,1338",1520247766.8711379,0.690755279202026,"251356033.80838466,1161287884.4583414,107603848.60441194"
197,"1321,1325,1336",1487623211.3224468,0.5989124993071022,"251224115.10576364,1184474968.505823,51924127.71086024"
198,"1321,1325,1538",1100712438.8191874,1.024163455840021,"179879562.7346068,483017448.4445566,437815427.6400239"
199,"1321,1327,1329",1627136850.284392,0.6459571782792684,"322417800.0733273,1245487564.0683315,59231486.14273344"
200,"1321,1327,1330",1596773886.8923054,0.540867160164174,"297393412.3849944,1281118123.5353825,18262350.9719286"
201,"1321,1327,1331",1288099189.5276642,0.9001395804076624,"154454534.75049666,333777103.7543654,799867551.0228021"
202,"1321,1327,1334",1749655941.4345667,0.9502001270120632,"276755232.4154518,1032418539.1898215,440482169.82929355"
203,"1321,1327,1337",1608074912.8431213,0.8411208870493188,"294739579.8185258,1097625944.4961753,215709388.52842012"
204,"1321,1327,1338",1658793111.7510593,0.8168544889280681,"341776252.80120766,1144565233.7297492,172451625.2201026"
205,"1321,1327,1336",1617584386.1679358,0.6468988306784834,"351648074.9850162,1219377345.3154044,46558965.86751498"
206,"1321,1327,1538",1015232434.575644,1.0232385163268871,"184621798.2746542,328393499.88786644,502217136.4131234"
207,"1321,1329,1330",644068986.6000582,0.5777485906733866,"515313503.71763164,111939453.76716153,16816029.11526506"
208,"1321,1329,1331",1203610505.3995278,0.5687491798633291,"169192251.90020064,48544098.446925685,985874155.0524014"
209,"1321,1329,1334",1592372344.0352335,0.7385167163841465,"371483838.4631735,85972785.23547857,1134915720.3365815"
210,"1321,1329,1337",1020632972.8580425,0.9066673052400924,"403498469.9375463,81282799.66123262,535851703.25926346"
211,"1321,1329,1338",1205128123.091189,0.8848344033727835,"451613965.4132452,86821884.38519084,666692273.2927527"
212,"1321,1329,1336",687982463.4074523,0.6737639032355158,"537771340.3020687,64063433.45544751,86147689.64993614"
213,"1321,1329,1538",817062143.3958945,0.7479057768703649,"199486230.73378238,43349058.394475594,574226854.2676365"
214,"1321,1330,1331",1168040909.036416,0.448682186757529,"148504632.48502716,15233959.265369248,1004302317.2860196"
215,"1321,1330,1334",1553079663.3834307,0.6101705329279139,"380576071.53137434,15591848.118453385,1156911743.733603"
216,"1321,1330,1337",997361949.50018,0.7410901968495913,"380552233.820088,16511074.359405346,600298641.3206866"
217,"1321,1330,1338",1146183215.6922495,0.7429395849077799,"450256475.54923534,18014308.01242352,677912432.1305907"
218,"1321,1330,1336",637362624.6723306,0.5505513583855794,"521226543.7243207,16981301.181520212,99154779.76648979"
219,"1321,1330,1538",781637764.7406741,0.6385587504968366,"183539714.0631921,15828912.886415906,582269137.7910662"
220,"1321,1331,1334",1329796829.767106,0.8734458939043017,"181845556.23467436,873925994.240255,274025279.29217666"
221,"1321,1331,1337",1236362234.2859595,0.697733393572225,"167000467.54975957,950484468.4926282,118877298.24357171"
222,"1321,1331,1338",1238966680.358993,0.6963333866175895,"178931490.98896888,951026062.7381108,109009126.63191353"
223,"1321,1331,1336",1203417084.7534814,0.5952868014212156,"181193054.15149722,969892815.3293769,52331215.27260742"
224,"1321,1331,1538",1021124722.2646259,0.9973448579432818,"149630831.397675,505188137.10821444,366305753.7587365"
225,"1321,1334,1337",1541257021.2997506,0.9637530746617908,"345400382.6403558,903281232.6938814,292575405.9655134"
226,"1321,1334,1338",1644146822.226993,0.9927951756749969,"370151673.56236154,917264406.4292629,356730742.23536885"
227,"1321,1334,1336",1545586391.0771465,0.7784608466820913,"382320403.82702893,1064281742.7313142,98984244.51880342"
228,"1321,1334,1538",900938350.1405598,0.9298101840971036,"185418120.85430956,159562419.0558926,555957810.2303576"
229,"1321,1337,1338",1334678688.7588956,1.0887444243176563,"358363138.9302434,494109643.3616377,482205906.46701455"
230,"1321,1337,1336",1004631887.7900084,0.9179613983622706,"415466430.9811702,505377359.52758735,83788097.2812508"
231,"1321,1337,1538",841047873.4177995,0.8556644262465711,"201516156.87341684,88202213.85765098,551329502.6867317"
232,"1321,1338,1336",1161311150.0483477,0.9026899648004483,"467387934.49775684,605043971.8047708,88879243.74582006"
233,"1321,1338,1538",829541614.6499448,0.7630528080571122,"215818674.82351723,43659338.7390154,570063601.0874121"
234,"1321,1336,1538",814789912.0424352,0.7089609322167765,"214644006.7680694,26254517.59859217,573891387.6757736"
235,"1323,1324,1325",1197167573.7469954,1.0574149094158727,"399007203.3118824,260250011.26310274,537910359.1720104"
236,"1323,1324,1327",1324972484.6128511,1.0591584165120542,"372231674.05395365,332963335.0673994,619777475.491498"
237,"1323,1324,1329",1199868967.5881808,0.9435531900324339,"624442782.3198577,450200286.3466433,125225898.92167968"
238,"1323,1324,1330",1121699584.9263694,0.7579143484777374,"635896143.2042111,466013576.74572176,19789864.976436567"
239,"1323,1324,1331",1151788656.2947078,0.8688789569768616,"258178479.42020088,139976845.53257558,753633331.3419313"
240,"1323,1324,1334",1439571585.8965116,1.0803753328599792,"504070091.7095857,359365024.1229867,576136470.063939"
241,"1323,1324,1337",1204502405.4573007,1.0299499014080276,"570003341.029238,417752549.267135,216746515.16092777"
242,"1323,1324,1338",1188149564.6611395,0.9471547002324271,"596997422.7649703,468520928.82956046,122631213.06660855"
243,"1323,1324,1336",1135483823.3324423,0.8376286287682296,"620171521.496874,463148434.53429836,52163867.301270075"
244,"1323,1324,1538",844713528.0914271,1.0105650195029134,"147861688.80375645,263006917.9816516,433844921.30601907"
245,"1323,1325,1327",1484515731.39264,1.0617659192859814,"312660486.77914697,597874207.5455333,573981037.0679598"
246,"1323,1325,1329",1393783635.479805,0.905002416870538,"458284709.4259274,804633889.0647461,130865036.98913155"
247,"1323,1325,1330",1312591473.2121365,0.7214461696993347,"464798222.9780179,828023326.838949,19769923.395169437"
248,"1323,1325,1331",1223884508.6788547,0.9495192645811485,"226911973.9959363,263017170.80596176,733955363.8769566"
249,"1323,1325,1334",1601928794.9764733,1.0792187673023297,"407176444.27294534,663833068.8725452,530919281.8309827"
250,"1323,1325,1337",1390352281.5558257,0.9807922622872756,"447379699.98019356,740692681.4174719,202279900.1581602"
251,"1323,1325,1338",1402291180.0473173,0.8914052512700573,"469743722.03286433,813663035.090176,118884422.92427698"
252,"1323,1325,1336",1326099001.362703,0.797887780565121,"470098692.50473976,804063933.2890337,51936375.568929754"
253,"1323,1325,1538",986427754.6945956,1.0050864735291516,"141720096.54760745,417959797.11328804,426747861.0337001"
254,"1323,1327,1329",1580746533.4984415,0.904109162550394,"648462325.709886,811678770.3840268,120605437.40452889"
255,"1323,1327,1330",1540187912.7025461,0.739488909162537,"620365572.1613083,898678068.8204173,21144271.720820457"
256,"1323,1327,1331",1270955497.339242,0.9736217035776425,"226692100.37266752,317543434.95883536,726719962.0077392"
257,"1323,1327,1334",1669854550.0256202,1.0684486798529866,"557149161.6854488,722476667.9360725,390228720.4040989"
258,"1323,1327,1337",1566139266.5386667,0.9754833863532276,"590675839.8692279,779060731.7979953,196402694.87144342"
259,"1323,1327,1338",1561541899.7553935,0.8350765771641786,"646251176.1977081,846204651.6293616,69086071.92832369"
260,"1323,1327,1336",1549291291.0197492,0.7973469003108836,"672135922.0499538,832987437.4779639,44167931.49183125"
261,"1323,1327,1538",1060453617.6135933,1.0459216371179607,"199113211.70062965,426364417.7432284,434975988.1697353"
262,"1323,1329,1330",1521795558.0429552,0.3888266945937565,"1352429230.5133684,149963252.7617785,19403074.76780815"
263,"1323,1329,1331",1217185806.928071,0.7750124873530895,"318691626.48860574,69050721.70462361,829443458.7348416"
264,"1323,1329,1334",1724120428.4678564,0.8686949933286646,"946427123.1726235,106686711.5942513,671006593.7009816"
265,"1323,1329,1337",1540093870.738232,0.7244771508270451,"1149636016.5711884,123670397.81060454,266787456.3564389"
266,"1323,1329,1338",1585315274.8500211,0.6181510332470777,"1283927983.0784318,152213119.667797,149174172.10379228"
267,"1323,1329,1336",1518708220.0663629,0.4604966959509618,"1324322148.1422598,136509591.58623418,57876480.33786891"
268,"1323,1329,1538",895817512.291439,0.9423391254931809,"304398717.5972419,100801522.16962147,490617272.52457565"
269,"1323,1330,1331",1195345854.4390442,0.6663023534977727,"336868387.8185252,17548849.54584782,840928617.0746713"
270,"1323,1330,1334",1700417506.656871,0.7302989992668161,"990782969.4684181,18720637.075752612,690913900.1127003"
271,"1323,1330,1337",1501804408.5083437,0.5867992527041007,"1159352857.8697016,19554186.456488166,322897364.18215406"
272,"1323,1330,1338",1525253407.4009585,0.37196370596838735,"1367896711.9485478,20547565.937688194,136809129.51472265"
273,"1323,1330,1336",1465112540.3616304,0.23432488337587543,"1388881476.3894908,19898894.3671227,56332169.605017014"
274,"1323,1330,1538",859727123.0532334,0.7607221021122967,"328938114.8622349,19027336.004278403,511761672.1867201"
275,"1323,1331,1334",1319151695.3837214,0.9864579443518643,"332124274.9652995,738546210.8053406,248481209.6130813"
276,"1323,1331,1337",1233637656.652184,0.8118131953929933,"307505240.1122339,829985249.6514984,96147166.88845149"
277,"1323,1331,1338",1203808465.6045299,0.7331582876993575,"303693821.43100774,846707555.1629646,53407089.01055776"
278,"1323,1331,1336",1188643800.020597,0.7125486622191007,"300683690.9364543,844092683.3477691,43867425.736373425"
279,"1323,1331,1538",976761173.8618436,0.9479791532899531,"121914709.89014941,547598076.2933736,307248387.6783206"
280,"1323,1334,1337",1718709074.9684467,0.9092870065149394,"947057220.638581,621376689.1530248,150275165.17684084"
281,"1323,1334,1338",1723953417.8834004,0.8478791060720374,"955214827.9312637,679085687.0434738,89652902.90866277"
282,"1323,1334,1336",1701641169.935991,0.8135328197184186,"935995018.6694521,704412697.1244667,61233454.14207253"
283,"1323,1334,1538",986532601.1963207,1.0321945102316556,"284967012.0369694,206636962.11723194,494928627.04211926"
284,"1323,1337,1338",1556154411.2938209,0.7743635278279279,"1111515843.7799602,308368888.3694109,136269679.14444977"
285,"1323,1337,1336",1497358975.6368458,0.6543389557908617,"1142349173.63207,296016212.61188066,58993589.392895035"
286,"1323,1337,1538",899593691.766484,0.9702725423876397,"300207484.5554569,119931509.95286658,479454697.2581606"
287,"1323,1338,1336",1533109197.1111145,0.4760157539075248,"1328051073.209683,141966526.6920292,63091597.209402226"
288,"1323,1338,1538",855206310.5126858,0.8114751859578135,"318611698.5832861,34964446.63365042,501630165.2957492"
289,"1323,1336,1538",853038760.217672,0.8069360715283564,"317621222.25903803,33465109.903146863,501952428.0554871"
290,"1324,1325,1327",1305471060.2377343,1.036032441205082,"232754047.23820323,496028080.36213475,576688932.6373965"
291,"1324,1325,1329",1147278936.2109015,0.8908008951583433,"296192920.6859976,719352440.4271195,131733575.0977843"
292,"1324,1325,1330",1053916495.9644648,0.6890480105476002,"305024936.8277274,728907823.7943112,19983735.342426155"
293,"1324,1325,1331",1124020822.932475,0.8739500173082086,"129942106.58480115,268450317.0788581,725628399.2688159"
294,"1324,1325,1334",1395610388.3250277,1.0434136884116867,"257982671.6821438,583620250.8690032,554007465.7738807"
295,"1324,1325,1337",1135312678.3350735,0.973894154589779,"286912582.4118915,647926630.1409831,200473465.78219894"
296,"1324,1325,1338",1126308714.019054,0.9156469522244675,"309946572.66244173,679794499.8864866,136567641.47012568"
297,"1324,1325,1336",1048309598.845295,0.7814187917463122,"303750955.89484113,692705901.7169805,51852741.23347329"
298,"1324,1325,1538",877359596.2826138,1.0387741227119036,"173793009.35930693,284387458.9867068,419179127.9366"
299,"1324,1327,1329",1265423414.2015693,0.9072369982809005,"418857064.05987334,727046535.2725945,119519814.8691016"
300,"1324,1327,1330",1228742421.7929134,0.7187433110049012,"413893092.30372655,793703761.3854121,21145568.10377469"
301,"1324,1327,1331",1178360153.8612907,0.912233421235162,"138485254.7427213,328245745.75698936,711629153.36158"
302,"1324,1327,1334",1375298758.9075012,1.0579785279160268,"353554841.5096266,647645744.811737,374098172.5861376"
303,"1324,1327,1337",1245452348.0917041,0.9540075897905289,"388926320.90263474,694890563.3370407,161635463.85202864"
304,"1324,1327,1338",1222845316.0811388,0.8578726492369263,"426031532.6508792,717354891.0654598,79458892.36479983"
305,"1324,1327,1336",1201713228.6649632,0.7922176571791187,"432664977.46777713,725699366.9142611,43348884.28292503"
306,"1324,1327,1538",954204736.1385992,1.0755908021513525,"237134224.67512992,313301224.2898459,403769287.1736233"
307,"1324,1329,1330",924852645.3820342,0.5453676764403489,"753382932.6200764,151876826.83978677,19592885.922171034"
308,"1324,1329,1331",1078461217.9896631,0.667728918915703,"173223621.15548623,69373434.98455027,835864161.8496267"
309,"1324,1329,1334",1342990992.8273704,0.9006771559997984,"507152816.9780928,106768360.04792044,729069815.8013572"
310,"1324,1329,1337",989769037.6182373,0.8923149227529454,"625789778.1241316,122044119.05189909,241935140.44220668"
311,"1324,1329,1338",1032291367.6693368,0.8779314248496405,"678192633.0867351,154245968.14234206,199852766.44025955"
312,"1324,1329,1336",909111168.311087,0.6479959023049243,"715497367.4139615,135493061.70275393,58120739.19437155"
313,"1324,1329,1538",824622533.6531842,0.9485238500610483,"280872065.042554,95854275.75402778,447896192.85660243"
314,"1324,1330,1331",1051197348.4519106,0.5583871100186638,"192681479.41008875,17702354.61740274,840813514.4244192"
315,"1324,1330,1334",1280884537.8197575,0.7522659198422591,"550602600.5060441,19079249.408771127,711202687.9049422"
316,"1324,1330,1337",973049616.8376148,0.7152448510014724,"646172134.3811173,19860764.741470236,307016717.71502715"
317,"1324,1330,1338",913114057.2181647,0.6001101722512328,"712455656.9515289,20939340.901678205,179719059.36495754"
318,"1324,1330,1336",816820490.1405209,0.3693953570384226,"738892382.8692712,20150281.133347817,57777826.13790186"
319,"1324,1330,1538",780128539.1616195,0.7665622327450881,"295748597.3230732,19047939.286706615,465332002.5518397"
320,"1324,1331,1334",1184778124.9505935,0.9141609680955677,"176621443.82341006,739788905.3882018,268367775.7389815"
321,"1324,1331,1337",1095648323.68809,0.7109560126131913,"167398382.34717488,831375957.2651501,96873984.07576503"
322,"1324,1331,1338",1072781949.1332867,0.6591141277593323,"174690749.2201656,834213764.9474181,63877434.96570307"
323,"1324,1331,1336",1056441759.2397493,0.6106571443666766,"168302903.81367427,841836925.5917212,46301929.83435378"
324,"1324,1331,1538",918694541.2141362,0.9384088533466795,"102695075.84243406,508970603.9815727,307028861.39012945"
325,"1324,1334,1337",1304453959.0014849,0.9550933236503447,"503284232.13407737,658047264.2786542,143122462.5887531"
326,"1324,1334,1338",1305577621.713678,0.9222168694031987,"514247001.54438365,675946975.5376991,115383644.63159503"
327,"1324,1334,1336",1297581336.8143704,0.8388855489717952,"504667830.1024225,729336398.0950466,63577108.616901174"
328,"1324,1334,1538",917357156.2199612,1.0372780568830997,"267474105.40468103,196022024.64506477,453861026.17021537"
329,"1324,1337,1338",1048982916.2808723,0.9726023315928329,"596472849.7344991,275040806.49957365,177469260.04679963"
330,"1324,1337,1336",945652411.2454636,0.8051885992759065,"622431672.2539679,263879248.2778858,59341490.713609956"
331,"1324,1337,1538",825097103.9873023,0.9684342037487674,"277737337.474084,108116973.5494275,439242792.96379083"
332,"1324,1338,1336",926264421.9086454,0.728913191876318,"680939771.7841115,182362229.8133968,62962420.31113709"
333,"1324,1338,1538",779723840.0366044,0.8160295370861659,"292123889.89740425,32944608.921775114,454655341.217425"
334,"1324,1336,1538",775958106.8245726,0.8102181709123482,"288557232.0028437,31449479.3832999,455951395.43842894"
335,"1325,1327,1329",1486946921.657747,0.9134961517970275,"754863440.8497503,611324001.1541395,120759479.65385723"
336,"1325,1327,1330",1447643786.9165237,0.7573658336699943,"746955771.5633411,679870468.0860922,20817547.26709038"
337,"1325,1327,1331",1257897131.571711,1.002531593375528,"260832786.17451543,311261630.26894677,685802715.1282489"
338,"1325,1327,1334",1529184423.7624485,1.0653531062930957,"617734946.773253,579805301.9900609,331644174.9991347"
339,"1325,1327,1337",1435776571.6220617,0.9484282023663766,"683897865.6372226,607249823.688692,144628882.29614705"
340,"1325,1327,1338",1425404615.1188986,0.8477832595738893,"726538294.9013114,631907443.3885808,66958876.82900646"
341,"1325,1327,1336",1410929831.5506642,0.806244904233441,"744088939.5150902,623004766.37763,43836125.65794393"
342,"1325,1327,1538",1089464750.6055045,1.093670337218589,"382579012.95473117,313114553.37994677,393771184.27082664"
343,"1325,1329,1330",1305859413.75535,0.43497065202867724,"1134571429.4503422,151869364.85638604,19418619.44862195"
344,"1325,1329,1331",1181597210.6731377,0.7935806828686905,"330164874.40457267,68259148.85924631,783173187.4093186"
345,"1325,1329,1334",1586601026.7710924,0.8758722695011927,"884597171.917702,107447565.63100216,594556289.2223884"
346,"1325,1329,1337",1321264576.3348632,0.7192854089095858,"998532341.8483729,125853766.85413092,196878467.6323594"
347,"1325,1329,1338",1388700145.6668177,0.690774497893918,"1075048251.9140437,155764701.57969788,157887192.17307603"
348,"1325,1329,1336",1275665910.4739866,0.5200945404790049,"1080136042.1897397,139604641.11731216,55925227.1669347"
349,"1325,1329,1538",984390086.2825978,0.9483936962777351,"452060089.73054785,98218580.69190961,434111415.8601404"
350,"1325,1330,1331",1170424992.0049274,0.6937539989741222,"365684332.08086365,17712105.698066108,787028554.2259976"
351,"1325,1330,1334",1554999005.2551937,0.7240747374834531,"946290506.226753,19133439.215607293,589575059.8128335"
352,"1325,1330,1337",1313110500.4975448,0.5757052420595923,"1030317123.8897306,19849938.064362537,262943438.54345158"
353,"1325,1330,1338",1277643953.9191406,0.43821564745513186,"1109798695.7379808,20806776.903259013,147038481.27790073"
354,"1325,1330,1336",1179471396.2882705,0.27037542252122465,"1105746270.864251,20033598.635588888,53691526.788430765"
355,"1325,1330,1538",952643009.3819289,0.7766354510032232,"484712628.59421027,19063178.303040322,448867202.48467827"
356,"1325,1331,1334",1280349233.536365,0.9935637100511525,"335006455.7485525,704781371.3959928,240561406.39181972"
357,"1325,1331,1337",1195831047.3441782,0.8232182351781832,"319242395.82432103,786349629.2816911,90239022.23816614"
358,"1325,1331,1338",1174687703.6700776,0.7676551522853682,"322214230.5720339,794559641.5136938,57913831.58434983"
359,"1325,1331,1336",1159767260.92883,0.738838875981619,"320271653.82205373,795189092.1180962,44306514.98867992"
360,"1325,1331,1538",977636552.25701,1.006164173081134,"169339640.93263692,508483119.2477306,299813792.07664245"
361,"1325,1334,1337",1539734183.625713,0.8968663452704199,"858103822.5656517,557284170.5566125,124346190.50344901"
362,"1325,1334,1338",1541144998.24896,0.8657886472131803,"870879940.010601,572108407.4507184,98156650.78764051"
363,"1325,1334,1336",1526321462.306529,0.8145123770867821,"859143207.4991304,609062597.1343416,58115657.673057154"
364,"1325,1334,1538",1071740901.5632646,1.0389634713579465,"437596381.19801104,191877082.22277287,442267438.1424808"
365,"1325,1337,1338",1353716837.1920676,0.7842218731427424,"969939338.9727107,238675651.62705263,145101846.5923041"
366,"1325,1337,1336",1255088291.768602,0.6421279767181539,"976010259.8284025,222364623.6794051,56713408.26079413"
367,"1325,1337,1538",984659283.7665031,0.9664377192538931,"445621809.77618086,110580791.83092503,428456682.15939724"
368,"1325,1338,1336",1260074271.4112813,0.5473463835274148,"1052344117.9692608,146858398.6796749,60871754.76234557"
369,"1325,1338,1538",939330478.2630389,0.8188530445669393,"462380726.9100213,32318650.527440246,444631100.8255774"
370,"1325,1336,1538",938749373.8154902,0.8210648493243597,"461283999.4175217,33082431.414006207,444382942.98396224"
371,"1327,1329,1330",1471422275.5099826,0.3455331534306197,"1337122745.183381,112871084.04037268,21428446.28622887"
372,"1327,1329,1331",1224840895.9990535,0.8037677703630796,"358679105.28515613,70278905.64827096,795882885.0656263"
373,"1327,1329,1334",1680980251.2189791,0.8781437462105011,"1026225255.6692715,149988332.45642376,504766663.09328395"
374,"1327,1329,1337",1547255306.7694938,0.768018270114947,"1118948820.875766,147151557.70812687,281154928.18560094"
375,"1327,1329,1338",1508550381.7619107,0.6093326917440467,"1226787234.0573537,159567990.0558844,122195157.64867248"
376,"1327,1329,1336",1485654794.0250106,0.4746745940955697,"1281597615.868629,156533120.04122952,47524058.11515218"
377,"1327,1329,1538",999688657.4333342,0.9231043393691087,"449380285.980984,83919544.49845394,466388826.9538963"
378,"1327,1330,1331",1182704545.992292,0.6736513655025262,"346390814.5959134,16609521.409987709,819704209.9863907"
379,"1327,1330,1334",1639626530.6069763,0.6887194477785699,"1099282628.8984926,21362103.602040213,518981798.10644346"
380,"1327,1330,1337",1499589592.278304,0.5435064092191935,"1210721936.9585876,22981253.547269266,265886401.7724471"
381,"1327,1330,1338",1461568258.228753,0.3283704542322414,"1339603901.5091028,23874085.34920239,98090271.37044775"
382,"1327,1330,1336",1443884764.0160177,0.21888946681933213,"1376497882.9330482,23774252.482639767,43612628.60032957"
383,"1327,1330,1538",973725233.324409,0.7733057043334948,"488875948.91929215,18344031.408253454,466505252.9968634"
384,"1327,1331,1334",1311526129.097314,0.9802086338658567,"392088864.0367551,716282712.8070693,203154552.25348943"
385,"1327,1331,1337",1248548143.490586,0.840917015247005,"357794846.1011775,795936738.9337633,94816558.45564532"
386,"1327,1331,1338",1217988661.0827656,0.7791054445583525,"360762006.3656768,800485256.5507809,56741398.16630793"
387,"1327,1331,1336",1199617158.4791386,0.7309355280478729,"351091091.42924356,811669101.6307465,36856965.419148654"
388,"1327,1331,1538",1024223987.7337096,1.033819108324313,"211665461.37905174,508891506.8883284,303667019.4663294"
389,"1327,1334,1337",1588589500.9037452,0.8733130137833242,"1000944663.2657067,431124642.55999106,156520195.07804745"
390,"1327,1334,1338",1581658537.2802532,0.8018656436499243,"1012802031.972968,486578542.31211287,82277962.99517235"
391,"1327,1334,1336",1566397711.9041352,0.7475818059688009,"1017821486.8042238,503156522.1488791,45419702.95103246"
392,"1327,1334,1538",1052973432.5508928,1.0195619560180254,"414582172.64791757,167752304.3796757,470638955.52329963"
393,"1327,1337,1338",1464062783.661342,0.7202643175881249,"1087427909.9670272,274862640.16210467,101772233.53221013"
394,"1327,1337,1336",1443523631.6018736,0.6228485303941935,"1122179753.7189717,274333558.0844751,47010319.79842694"
395,"1327,1337,1538",1008235519.5431745,0.9375860534210089,"456902752.3771645,93433992.65976119,457898774.50624883"
396,"1327,1338,1336",1400167179.7040036,0.4239204079554825,"1241543068.2298505,108660429.73251699,49963681.74163606"
397,"1327,1338,1538",988366717.5028019,0.8207429959706875,"482481813.9287822,34671545.683856666,471213357.890163"
398,"1327,1336,1538",980888125.7560647,0.8149201066329439,"475102072.5589702,32233308.781536467,473552744.415558"
399,"1329,1330,1331",1091974715.2843916,0.3381674480068312,"78054558.80870552,17438937.01532263,996481219.4603634"
400,"1329,1330,1334",1511810419.0397108,0.38683618293711675,"149441920.20661002,18332720.481109183,1344035778.3519917"
401,"1329,1330,1337",885190370.3529705,0.6104953100424845,"183313187.70742977,19440965.485022817,682436217.1605179"
402,"1329,1330,1338",910928866.2859548,0.7367565651861315,"298219471.43607444,22107963.627351925,590601431.2225285"
403,"1329,1330,1336",322111405.6808016,0.7996069630823777,"214024736.68352908,20185228.195802707,87901440.80146979"
404,"1329,1330,1538",704411220.4787086,0.5723208445332865,"118828355.00103709,18899880.77730899,566682984.7003626"
405,"1329,1331,1334",1245603550.1054602,0.774581307575613,"77627737.0902765,859574140.9392086,308401672.075975"
406,"1329,1331,1337",1164100959.3732915,0.5748275381104508,"75533671.06039251,962848646.7662156,125718641.54668349"
407,"1329,1331,1338",1121506126.3881874,0.5036363664066223,"80366785.20098193,963753449.1268578,77385892.06034762"
408,"1329,1331,1336",1097777437.0106146,0.4279463841533552,"72483129.2279941,974290523.8587211,51003783.92389948"
409,"1329,1331,1538",945780687.2713042,0.8562889435338298,"60970256.75324041,556123012.3865529,328687418.13151085"
410,"1329,1334,1337",1556720400.1558936,0.759822678326549,"156224522.6319921,1138102356.7750018,262393520.7488998"
411,"1329,1334,1338",1557454757.1722646,0.7641240402135259,"166715618.1640856,1137412223.135261,253326915.872918"
412,"1329,1334,1336",1521183983.3967047,0.5118884527212835,"131660685.64896205,1300507021.4820778,89016276.26566485"
413,"1329,1334,1538",827204978.4126147,0.8493979110440857,"77283092.52430236,211251207.76643398,538670678.1218784"
414,"1329,1337,1338",1213467673.0996232,1.0154295374900848,"196496117.29081407,580069121.7232385,436902434.08557075"
415,"1329,1337,1336",831690021.8219464,0.7640425462512173,"150157667.21380228,603397776.6020648,78134578.0060792"
416,"1329,1337,1538",739878511.295423,0.8087100482181815,"97621780.34691648,120292805.91095185,521963925.03755474"
417,"1329,1338,1336",851257015.3608849,0.8937006346514709,"233538873.72553107,525341609.8165456,92376531.81880814"
418,"1329,1338,1538",690809074.5026345,0.640499656626403,"108716280.44789608,38498793.25216787,543594000.8025706"
419,"1329,1336,1538",687866108.8733339,0.6226377592559769,"106556117.15801974,34803660.88419579,546506330.8311183"
420,"1330,1331,1334",1191903755.9312215,0.617385271574542,"17236493.532807916,894132657.521708,280534604.8767055"
421,"1330,1331,1337",1136423655.8037472,0.45554755291631555,"17631138.176403884,976244227.0694795,142548290.5578639"
422,"1330,1331,1338",1084341788.9389448,0.34940833961319206,"17775378.629074425,984951080.5295879,81615329.78028242"
423,"1330,1331,1336",1064234215.9352534,0.2877433274188239,"17646001.321887635,991300560.5345654,55287654.078800336"
424,"1330,1331,1538",922317679.3401003,0.7415478314378087,"17678430.323398724,569154523.6777418,335484725.33895975"
425,"1330,1334,1337",1504261606.147856,0.5941648975404821,"19355640.847688016,1151936812.1606934,332969153.13947463"
426,"1330,1334,1338",1508463376.3783815,0.5288603901422769,"20249687.950709525,1227622216.4085658,260591472.01910624"
427,"1330,1334,1336",1463866600.163993,0.32998907120793236,"19583500.061145477,1338186045.7318294,106097054.37101786"
428,"1330,1334,1538",801949254.1776646,0.6897620110224225,"18209911.416295696,221049902.5522887,562689440.2090802"
429,"1330,1337,1338",1157883908.3346648,0.7405481686441722,"21462459.638137653,712595259.7933797,423826188.9031474"
430,"1330,1337,1336",810378914.0341697,0.4554850130359097,"20120677.017810196,702827324.6730534,87430912.34330602"
431,"1330,1337,1538",714126179.1169924,0.6431431018779001,"19032328.555276856,157141286.7478471,537952563.8138684"
432,"1330,1338,1336",602844809.0967689,0.5945189942436626,"22533609.197865114,483113527.01155585,97197672.88734785"
433,"1330,1338,1538",639386435.9162098,0.37292978450003295,"19321011.460681826,41313893.45516755,578751531.0003605"
434,"1330,1336,1538",626232977.2763546,0.3052255558634967,"19066245.303850368,25499577.047348663,581667154.9251555"
435,"1331,1334,1337",1265899460.1677275,0.8157430209816212,"864665399.6399287,284402196.5604251,116831863.96737356"
436,"1331,1334,1338",1233119379.0897868,0.7569593756846132,"862409764.2091137,300789967.54646313,69919647.33420989"
437,"1331,1334,1336",1218724157.5548506,0.7320124472403184,"861345583.7160932,301613744.7406082,55764829.0981493"
438,"1331,1334,1538",986085250.1385658,0.9666519436060328,"516369237.40619254,123696612.350007,346019400.3823661"
439,"1331,1337,1338",1149332956.7181993,0.5604377461769561,"957797305.1276072,120472843.86521496,71062807.72537707"
440,"1331,1337,1336",1128897591.2144198,0.5062475975008112,"964071972.9151646,113534940.87052861,51290677.42872668"
441,"1331,1337,1538",950134914.2646396,0.8660198689124126,"561070064.3036984,67756877.02546561,321307972.9354755"
442,"1331,1338,1336",1089457747.1794677,0.42915468046281363,"966675512.4617233,69904909.54360937,52877325.17413491"
443,"1331,1338,1538",928779552.5368747,0.7766373924981951,"573838005.0870211,30322175.01426607,324619372.4355875"
444,"1331,1336,1538",922677363.9093697,0.7592380396465246,"574380189.296336,24621501.70362998,323675672.9094036"
445,"1334,1337,1338",1484187846.709074,0.8741674792792478,"982113583.7354497,259696684.61338434,242377578.36023986"
446,"1334,1337,1336",1443306297.5302098,0.6827370602117316,"1106014746.209722,242132953.84092808,95158597.47955962"
447,"1334,1337,1538",822989981.0371559,0.8551983082094224,"209158503.30216047,79870345.68866304,533961132.0463324"
448,"1334,1338,1336",1436068697.325202,0.6363728002566901,"1141151961.743209,200757619.82084987,94159115.7611433"
449,"1334,1338,1538",810890901.7294736,0.7606475493276204,"225700486.6667785,36740242.94842722,548450172.1142678"
450,"1334,1336,1538",798558213.4758695,0.7234092748018739,"223725617.63796613,25397802.183038965,549434793.6548644"
451,"1337,1338,1336",1052550574.2767423,0.8953626721769418,"590103677.5643286,377472089.97127664,84974806.74113715"
452,"1337,1338,1538",703431407.6318827,0.6927121065241574,"136852822.74283957,38488770.45034811,528089814.438695"
453,"1337,1336,1538",688582436.0196764,0.6497781335925285,"125665363.16119485,31082481.671670526,531834591.1868111"
454,"1338,1336,1538",634337816.8494462,0.44541292612782324,"39107983.73257272,35933100.976206295,559296732.1406672"
